schema,schema_version,record_id,entity_class,status,work_id,resource_id,edition_id,locale,created_at,responsible_workflow,supersedes,qa_type,result,witness_ids,evidence,method,event_timestamp
r014.backend.record,1.0.0,ttp.r014.qa.backend-boundary10-determinism,qa_event,active,ttp.r014.yaintt,ttp.r014.yaintt,,und,2026-08-21T13:53:00+02:00,codex.r014.id-ID,,backend_deterministic_roundtrip,pass,"[""ttp.r014.artifact.qa-bundle.boundary10""]","{""path"":""qa/BACKEND_DETERMINISM.json""}","two isolated clean builds plus schema, referential, CSV, XLSX, manifest, preview, and byte replay",2026-08-21T13:53:00+02:00
r014.backend.record,1.0.0,ttp.r014.qa.backend-boundary11-determinism,qa_event,active,ttp.r014.yaintt,ttp.r014.yaintt,,und,2026-08-21T13:53:00+02:00,codex.r014.id-ID,,backend_deterministic_roundtrip,pass,"[""ttp.r014.artifact.qa-bundle.boundary11""]","{""path"":""qa/BACKEND_DETERMINISM.json""}","two isolated clean builds plus schema, referential, CSV, XLSX, manifest, preview, and byte replay",2026-08-21T13:53:00+02:00
r014.backend.record,1.0.0,ttp.r014.qa.backend-boundary4-determinism,qa_event,active,ttp.r014.yaintt,ttp.r014.yaintt,,und,2026-08-21T13:53:00+02:00,codex.r014.id-ID,,backend_deterministic_roundtrip,pass,"[""ttp.r014.artifact.qa-bundle.boundary4""]","{""path"":""qa/BACKEND_DETERMINISM.json""}","two isolated clean builds plus schema, referential, CSV, XLSX, manifest, preview, and byte replay",2026-08-21T13:53:00+02:00
r014.backend.record,1.0.0,ttp.r014.qa.backend-boundary5-determinism,qa_event,active,ttp.r014.yaintt,ttp.r014.yaintt,,und,2026-08-21T13:53:00+02:00,codex.r014.id-ID,,backend_deterministic_roundtrip,pass,"[""ttp.r014.artifact.qa-bundle.boundary5""]","{""path"":""qa/BACKEND_DETERMINISM.json""}","two isolated clean builds plus schema, referential, CSV, XLSX, manifest, preview, and byte replay",2026-08-21T13:53:00+02:00
r014.backend.record,1.0.0,ttp.r014.qa.backend-boundary6-determinism,qa_event,active,ttp.r014.yaintt,ttp.r014.yaintt,,und,2026-08-21T13:53:00+02:00,codex.r014.id-ID,,backend_deterministic_roundtrip,pass,"[""ttp.r014.artifact.qa-bundle.boundary6""]","{""path"":""qa/BACKEND_DETERMINISM.json""}","two isolated clean builds plus schema, referential, CSV, XLSX, manifest, preview, and byte replay",2026-08-21T13:53:00+02:00
r014.backend.record,1.0.0,ttp.r014.qa.backend-boundary7-determinism,qa_event,active,ttp.r014.yaintt,ttp.r014.yaintt,,und,2026-08-21T13:53:00+02:00,codex.r014.id-ID,,backend_deterministic_roundtrip,pass,"[""ttp.r014.artifact.qa-bundle.boundary7""]","{""path"":""qa/BACKEND_DETERMINISM.json""}","two isolated clean builds plus schema, referential, CSV, XLSX, manifest, preview, and byte replay",2026-08-21T13:53:00+02:00
r014.backend.record,1.0.0,ttp.r014.qa.backend-boundary8-determinism,qa_event,active,ttp.r014.yaintt,ttp.r014.yaintt,,und,2026-08-21T13:53:00+02:00,codex.r014.id-ID,,backend_deterministic_roundtrip,pass,"[""ttp.r014.artifact.qa-bundle.boundary8""]","{""path"":""qa/BACKEND_DETERMINISM.json""}","two isolated clean builds plus schema, referential, CSV, XLSX, manifest, preview, and byte replay",2026-08-21T13:53:00+02:00
r014.backend.record,1.0.0,ttp.r014.qa.backend-boundary9-determinism,qa_event,active,ttp.r014.yaintt,ttp.r014.yaintt,,und,2026-08-21T13:53:00+02:00,codex.r014.id-ID,,backend_deterministic_roundtrip,pass,"[""ttp.r014.artifact.qa-bundle.boundary9""]","{""path"":""qa/BACKEND_DETERMINISM.json""}","two isolated clean builds plus schema, referential, CSV, XLSX, manifest, preview, and byte replay",2026-08-21T13:53:00+02:00
r014.backend.record,1.0.0,ttp.r014.qa.backend-roundtrip,qa_event,active,ttp.r014.yaintt,ttp.r014.yaintt,,und,2026-08-21T13:53:00+02:00,codex.r014.id-ID,,backend_deterministic_roundtrip,pass,"[""ttp.r014.artifact.qa-bundle""]","{""path"":""backend/MANIFEST.json""}","schema, referential, CSV, manifest, and second-run byte replay",2026-08-21T13:53:00+02:00
r014.backend.record,1.0.0,ttp.r014.qa.boundary1-accessibility,qa_event,active,ttp.r014.yaintt,ttp.r014.yaintt,,und,2026-08-21T13:53:00+02:00,codex.r014.id-ID,,accessibility,pass_with_untagged_pdf_caveat,"[""ttp.r014.artifact.boundary1-pdf""]","{""path"":""qa/BOUNDARY1_VISUAL.json""}",bounded evidence replay,2026-08-21T13:53:00+02:00
r014.backend.record,1.0.0,ttp.r014.qa.boundary1-build,qa_event,active,ttp.r014.yaintt,ttp.r014.yaintt,,und,2026-08-21T13:53:00+02:00,codex.r014.id-ID,,target_build,pass,"[""ttp.r014.artifact.boundary1-pdf""]","{""path"":""qa/BOUNDARY1_BUILD.json""}",bounded evidence replay,2026-08-21T13:53:00+02:00
r014.backend.record,1.0.0,ttp.r014.qa.boundary1-language,qa_event,active,ttp.r014.yaintt,ttp.r014.yaintt,,und,2026-08-21T13:53:00+02:00,codex.r014.id-ID,,language,pass,"[""ttp.r014.artifact.target-source""]","{""path"":""qa/BOUNDARY1_LANGUAGE_MATH.json""}",bounded evidence replay,2026-08-21T13:53:00+02:00
r014.backend.record,1.0.0,ttp.r014.qa.boundary1-math,qa_event,active,ttp.r014.yaintt,ttp.r014.yaintt,,und,2026-08-21T13:53:00+02:00,codex.r014.id-ID,,mathematics,pass,"[""ttp.r014.artifact.target-source""]","{""path"":""qa/BOUNDARY1_LANGUAGE_MATH.json""}",bounded evidence replay,2026-08-21T13:53:00+02:00
r014.backend.record,1.0.0,ttp.r014.qa.boundary1-topology,qa_event,active,ttp.r014.yaintt,ttp.r014.yaintt,,und,2026-08-21T13:53:00+02:00,codex.r014.id-ID,,source_target_topology,pass,"[""ttp.r014.artifact.target-source""]","{""path"":""qa/BOUNDARY1_STRUCTURE.json""}",bounded evidence replay,2026-08-21T13:53:00+02:00
r014.backend.record,1.0.0,ttp.r014.qa.boundary1-visual,qa_event,active,ttp.r014.yaintt,ttp.r014.yaintt,,und,2026-08-21T13:53:00+02:00,codex.r014.id-ID,,visual,pass,"[""ttp.r014.artifact.boundary1-pdf""]","{""path"":""qa/BOUNDARY1_VISUAL.json""}",bounded evidence replay,2026-08-21T13:53:00+02:00
r014.backend.record,1.0.0,ttp.r014.qa.boundary10-accessibility,qa_event,active,ttp.r014.yaintt,ttp.r014.yaintt,,und,2026-08-21T13:53:00+02:00,codex.r014.id-ID,,accessibility,pass_with_untagged_pdf_caveat,"[""ttp.r014.artifact.boundary10-pdf""]","{""path"":""qa/BOUNDARY10_VISUAL.json""}",bounded evidence replay,2026-08-21T17:56:00+02:00
r014.backend.record,1.0.0,ttp.r014.qa.boundary10-build,qa_event,active,ttp.r014.yaintt,ttp.r014.yaintt,,und,2026-08-21T13:53:00+02:00,codex.r014.id-ID,,target_build,pass,"[""ttp.r014.artifact.boundary10-pdf""]","{""path"":""qa/BOUNDARY10_BUILD.json""}",bounded evidence replay,2026-08-21T17:54:30+02:00
r014.backend.record,1.0.0,ttp.r014.qa.boundary10-visual,qa_event,active,ttp.r014.yaintt,ttp.r014.yaintt,,und,2026-08-21T13:53:00+02:00,codex.r014.id-ID,,visual,pass,"[""ttp.r014.artifact.boundary10-pdf""]","{""path"":""qa/BOUNDARY10_VISUAL.json""}",bounded evidence replay,2026-08-21T17:56:00+02:00
r014.backend.record,1.0.0,ttp.r014.qa.boundary11-accessibility,qa_event,active,ttp.r014.yaintt,ttp.r014.yaintt,,und,2026-08-21T13:53:00+02:00,codex.r014.id-ID,,accessibility,pass_with_untagged_pdf_caveat,"[""ttp.r014.artifact.boundary11-pdf""]","{""path"":""qa/BOUNDARY11_VISUAL.json""}",bounded evidence replay,2026-08-21T18:17:00+02:00
r014.backend.record,1.0.0,ttp.r014.qa.boundary11-build,qa_event,active,ttp.r014.yaintt,ttp.r014.yaintt,,und,2026-08-21T13:53:00+02:00,codex.r014.id-ID,,target_build,pass,"[""ttp.r014.artifact.boundary11-pdf""]","{""path"":""qa/BOUNDARY11_BUILD.json""}",bounded evidence replay,2026-08-21T18:16:30+02:00
r014.backend.record,1.0.0,ttp.r014.qa.boundary11-visual,qa_event,active,ttp.r014.yaintt,ttp.r014.yaintt,,und,2026-08-21T13:53:00+02:00,codex.r014.id-ID,,visual,pass,"[""ttp.r014.artifact.boundary11-pdf""]","{""path"":""qa/BOUNDARY11_VISUAL.json""}",bounded evidence replay,2026-08-21T18:17:00+02:00
r014.backend.record,1.0.0,ttp.r014.qa.boundary12-build-evidence,qa_event,active,ttp.r014.yaintt,ttp.r014.yaintt,,und,2026-08-22T03:06:00+02:00,codex.r014.id-ID,,build,pass,"[""ttp.r014.artifact.boundary12-reader-evidence"",""ttp.r014.artifact.boundary12-build-receipt-evidence""]","{""bytes"":4762,""path"":""qa/BOUNDARY12_BUILD.json"",""pdf_path"":""output/YAINTT_ID_BOUNDARY12.pdf"",""pdf_sha256"":""2848af400d3f76d863ee6a2a68cee2dda441443d985489b4b6c63410ce98c0ed"",""sha256"":""836bfaea2e7545e89d9e6152ddbf5c951186a701d996cb5598819f653672ae88""}",r014.qa_target_build,2026-08-21T18:32:45+02:00
r014.backend.record,1.0.0,ttp.r014.qa.boundary12-visual-evidence,qa_event,active,ttp.r014.yaintt,ttp.r014.yaintt,,und,2026-08-22T03:06:00+02:00,codex.r014.id-ID,,visual,pass,"[""ttp.r014.artifact.boundary12-reader-evidence"",""ttp.r014.artifact.boundary12-visual-receipt-evidence""]","{""bytes"":2751,""path"":""qa/BOUNDARY12_VISUAL.json"",""pdf_path"":""output/YAINTT_ID_BOUNDARY12.pdf"",""pdf_sha256"":""2848af400d3f76d863ee6a2a68cee2dda441443d985489b4b6c63410ce98c0ed"",""sha256"":""1961ff9d80a056bf9f8742708e382404c03f42da554b2db0dfc148657f897668""}",r014.qa_visual,2026-08-21T18:34:00+02:00
r014.backend.record,1.0.0,ttp.r014.qa.boundary13-build-evidence,qa_event,active,ttp.r014.yaintt,ttp.r014.yaintt,,und,2026-08-22T03:06:00+02:00,codex.r014.id-ID,,build,pass,"[""ttp.r014.artifact.boundary13-reader-evidence"",""ttp.r014.artifact.boundary13-build-receipt-evidence""]","{""bytes"":5699,""path"":""qa/BOUNDARY13_BUILD.json"",""pdf_path"":""output/YAINTT_ID_BOUNDARY13.pdf"",""pdf_sha256"":""7a1af9290b8a092198af6f0b0eb654f4d522428be1afaa4e8fc52bc51d905f74"",""sha256"":""aaf7fe7d6899b536a2402f883b96c8aaff3f58e882d13d664af7638e2bc5e5f7""}",r014.qa_target_build,2026-08-21T18:55:30+02:00
r014.backend.record,1.0.0,ttp.r014.qa.boundary13-visual-evidence,qa_event,active,ttp.r014.yaintt,ttp.r014.yaintt,,und,2026-08-22T03:06:00+02:00,codex.r014.id-ID,,visual,pass,"[""ttp.r014.artifact.boundary13-reader-evidence"",""ttp.r014.artifact.boundary13-visual-receipt-evidence""]","{""bytes"":2883,""path"":""qa/BOUNDARY13_VISUAL.json"",""pdf_path"":""output/YAINTT_ID_BOUNDARY13.pdf"",""pdf_sha256"":""7a1af9290b8a092198af6f0b0eb654f4d522428be1afaa4e8fc52bc51d905f74"",""sha256"":""dca311fcf9b5f043b7a7ae797897e78e754ea4e7338a8acffbeab56433f431c8""}",r014.qa_visual,2026-08-21T18:56:05+02:00
r014.backend.record,1.0.0,ttp.r014.qa.boundary14-build-evidence,qa_event,active,ttp.r014.yaintt,ttp.r014.yaintt,,und,2026-08-22T03:06:00+02:00,codex.r014.id-ID,,build,pass,"[""ttp.r014.artifact.boundary14-reader-evidence"",""ttp.r014.artifact.boundary14-build-receipt-evidence""]","{""bytes"":5656,""path"":""qa/BOUNDARY14_BUILD.json"",""pdf_path"":""output/YAINTT_ID_BOUNDARY14.pdf"",""pdf_sha256"":""e3c3d944c583b3620d16889c7a18cd440d411a20cd74f0ee1d5767766eacde05"",""sha256"":""dfd3b380c82ff95dd090d71ba0d70dcf6b14fed312a68a619e99b68f7c5a445a""}",r014.qa_target_build,2026-08-21T19:24:56+02:00
r014.backend.record,1.0.0,ttp.r014.qa.boundary14-visual-evidence,qa_event,active,ttp.r014.yaintt,ttp.r014.yaintt,,und,2026-08-22T03:06:00+02:00,codex.r014.id-ID,,visual,pass,"[""ttp.r014.artifact.boundary14-reader-evidence"",""ttp.r014.artifact.boundary14-visual-receipt-evidence""]","{""bytes"":3027,""path"":""qa/BOUNDARY14_VISUAL.json"",""pdf_path"":""output/YAINTT_ID_BOUNDARY14.pdf"",""pdf_sha256"":""e3c3d944c583b3620d16889c7a18cd440d411a20cd74f0ee1d5767766eacde05"",""sha256"":""4fb0af037b99dc2f6439f8ed23a0e243deae13a0c1447cd30393ae1b0dcb2e92""}",r014.qa_visual,2026-08-21T19:25:20+02:00
r014.backend.record,1.0.0,ttp.r014.qa.boundary15-build-evidence,qa_event,active,ttp.r014.yaintt,ttp.r014.yaintt,,und,2026-08-22T03:06:00+02:00,codex.r014.id-ID,,build,pass,"[""ttp.r014.artifact.boundary15-reader-evidence"",""ttp.r014.artifact.boundary15-build-receipt-evidence""]","{""bytes"":5430,""path"":""qa/BOUNDARY15_BUILD.json"",""pdf_path"":""output/YAINTT_ID_BOUNDARY15.pdf"",""pdf_sha256"":""d1c558471e1af049897430c496a3d3b9c1c1e379c6d2969d3e2442dc2ca387b5"",""sha256"":""02ed57304398336afe39637f59c64030ae9f1ce17b8bb0050438f4e0d695b019""}",r014.qa_target_build,2026-08-21T19:28:20+02:00
r014.backend.record,1.0.0,ttp.r014.qa.boundary15-visual-evidence,qa_event,active,ttp.r014.yaintt,ttp.r014.yaintt,,und,2026-08-22T03:06:00+02:00,codex.r014.id-ID,,visual,pass,"[""ttp.r014.artifact.boundary15-reader-evidence"",""ttp.r014.artifact.boundary15-visual-receipt-evidence""]","{""bytes"":3040,""path"":""qa/BOUNDARY15_VISUAL.json"",""pdf_path"":""output/YAINTT_ID_BOUNDARY15.pdf"",""pdf_sha256"":""d1c558471e1af049897430c496a3d3b9c1c1e379c6d2969d3e2442dc2ca387b5"",""sha256"":""dcb058c6c6324b3b5672f4feaf88a292df7fa369801cf0613eaebb67d8691219""}",r014.qa_visual,2026-08-21T19:28:45+02:00
r014.backend.record,1.0.0,ttp.r014.qa.boundary16-build-evidence,qa_event,active,ttp.r014.yaintt,ttp.r014.yaintt,,und,2026-08-22T03:06:00+02:00,codex.r014.id-ID,,build,pass,"[""ttp.r014.artifact.boundary16-reader-evidence"",""ttp.r014.artifact.boundary16-build-receipt-evidence""]","{""bytes"":6869,""path"":""qa/BOUNDARY16_BUILD.json"",""pdf_path"":""output/YAINTT_ID_BOUNDARY16.pdf"",""pdf_sha256"":""b55c96bc7391d615527e9e9a198f1c53816aa690b190bd3f4e7cd59398cd11ba"",""sha256"":""9bf4c09805e1f44f75f63f09fe6a089c03a40f997757656d137c2083a6071694""}",r014.qa_target_build,2026-08-21T22:55:00+02:00
r014.backend.record,1.0.0,ttp.r014.qa.boundary16-visual-evidence,qa_event,active,ttp.r014.yaintt,ttp.r014.yaintt,,und,2026-08-22T03:06:00+02:00,codex.r014.id-ID,,visual,pass,"[""ttp.r014.artifact.boundary16-reader-evidence"",""ttp.r014.artifact.boundary16-visual-receipt-evidence""]","{""bytes"":3816,""path"":""qa/BOUNDARY16_VISUAL.json"",""pdf_path"":""output/YAINTT_ID_BOUNDARY16.pdf"",""pdf_sha256"":""b55c96bc7391d615527e9e9a198f1c53816aa690b190bd3f4e7cd59398cd11ba"",""sha256"":""3587c689d135392c76743f7dbeb14346192a96f4beb4ff6e7b3792b9669f622f""}",r014.qa_visual,2026-08-21T22:56:00+02:00
r014.backend.record,1.0.0,ttp.r014.qa.boundary17-build-evidence,qa_event,active,ttp.r014.yaintt,ttp.r014.yaintt,,und,2026-08-22T03:06:00+02:00,codex.r014.id-ID,,build,pass,"[""ttp.r014.artifact.boundary17-reader-evidence"",""ttp.r014.artifact.boundary17-build-receipt-evidence""]","{""bytes"":8477,""path"":""qa/BOUNDARY17_BUILD.json"",""pdf_path"":""output/YAINTT_ID_BOUNDARY17.pdf"",""pdf_sha256"":""5b5fcb2db096fba3a36d952d463c6ca5b77cda0bdb3b32156bcaf437f8541e89"",""sha256"":""3a5a87a64e360ea60264eb12080c33e852af3b58ed1a084ae231f41a47555bd1""}",r014.qa_target_build,2026-08-21T22:55:30+02:00
r014.backend.record,1.0.0,ttp.r014.qa.boundary17-visual-evidence,qa_event,active,ttp.r014.yaintt,ttp.r014.yaintt,,und,2026-08-22T03:06:00+02:00,codex.r014.id-ID,,visual,pass,"[""ttp.r014.artifact.boundary17-reader-evidence"",""ttp.r014.artifact.boundary17-visual-receipt-evidence""]","{""bytes"":4018,""path"":""qa/BOUNDARY17_VISUAL.json"",""pdf_path"":""output/YAINTT_ID_BOUNDARY17.pdf"",""pdf_sha256"":""5b5fcb2db096fba3a36d952d463c6ca5b77cda0bdb3b32156bcaf437f8541e89"",""sha256"":""302a1133359d0ec12daba5a500b79a56f629010e92fc07a79e6534e6c4d8935a""}",r014.qa_visual,2026-08-21T22:56:30+02:00
r014.backend.record,1.0.0,ttp.r014.qa.boundary18-build-evidence,qa_event,active,ttp.r014.yaintt,ttp.r014.yaintt,,und,2026-08-22T03:06:00+02:00,codex.r014.id-ID,,build,passed_and_admitted,"[""ttp.r014.artifact.boundary18-reader-evidence"",""ttp.r014.artifact.boundary18-build-receipt-evidence""]","{""bytes"":7838,""path"":""qa/BOUNDARY18_BUILD.json"",""pdf_path"":""output/YAINTT_ID_BOUNDARY18.pdf"",""pdf_sha256"":""aab7acbe1aa1354e4d4430c5e418dfd0e056e5738e90a9814d2a0234f1d4fafb"",""sha256"":""7b7a6b3bcdbe0f15eeaf1041338c6cfb92692ce6016afb32f795d6f3b29d903b""}",r014.boundary_build_receipt,2026-08-21T21:31:42Z
r014.backend.record,1.0.0,ttp.r014.qa.boundary18-visual-evidence,qa_event,active,ttp.r014.yaintt,ttp.r014.yaintt,,und,2026-08-22T03:06:00+02:00,codex.r014.id-ID,,visual,passed_and_admitted,"[""ttp.r014.artifact.boundary18-reader-evidence"",""ttp.r014.artifact.boundary18-visual-receipt-evidence""]","{""bytes"":3287,""path"":""qa/BOUNDARY18_VISUAL.json"",""pdf_path"":""output/YAINTT_ID_BOUNDARY18.pdf"",""pdf_sha256"":""aab7acbe1aa1354e4d4430c5e418dfd0e056e5738e90a9814d2a0234f1d4fafb"",""sha256"":""75c38e1f7ecde249b9729741f382f3f416b64ffbc2f4358e0d22e7fd2100e5cb""}",r014.boundary_visual_receipt,2026-08-21T21:31:42Z
r014.backend.record,1.0.0,ttp.r014.qa.boundary19-build-evidence,qa_event,active,ttp.r014.yaintt,ttp.r014.yaintt,,und,2026-08-22T03:06:00+02:00,codex.r014.id-ID,,build,passed_and_admitted,"[""ttp.r014.artifact.boundary19-reader-evidence"",""ttp.r014.artifact.boundary19-build-receipt-evidence""]","{""bytes"":7818,""path"":""qa/BOUNDARY19_BUILD.json"",""pdf_path"":""output/YAINTT_ID_BOUNDARY19.pdf"",""pdf_sha256"":""841e1ac7c8a590248997c170c6ebc40625a51f764390f33ca4b953f91c16c08c"",""sha256"":""f6a1d7f318dedb0e3e5cf2b278b25483b86e0f9d338476205bce27e623fa5929""}",r014.boundary_build_receipt,2026-08-21T21:31:42Z
r014.backend.record,1.0.0,ttp.r014.qa.boundary19-visual-evidence,qa_event,active,ttp.r014.yaintt,ttp.r014.yaintt,,und,2026-08-22T03:06:00+02:00,codex.r014.id-ID,,visual,passed_and_admitted,"[""ttp.r014.artifact.boundary19-reader-evidence"",""ttp.r014.artifact.boundary19-visual-receipt-evidence""]","{""bytes"":3554,""path"":""qa/BOUNDARY19_VISUAL.json"",""pdf_path"":""output/YAINTT_ID_BOUNDARY19.pdf"",""pdf_sha256"":""841e1ac7c8a590248997c170c6ebc40625a51f764390f33ca4b953f91c16c08c"",""sha256"":""9d907e53fc3d78cd557876dcd87e9bdfc69864a16d231662ea27bbb9d81c3240""}",r014.boundary_visual_receipt,2026-08-21T21:31:42Z
r014.backend.record,1.0.0,ttp.r014.qa.boundary2-accessibility,qa_event,active,ttp.r014.yaintt,ttp.r014.yaintt,,und,2026-08-21T13:53:00+02:00,codex.r014.id-ID,,accessibility,pass_with_untagged_pdf_caveat,"[""ttp.r014.artifact.boundary2-pdf""]","{""path"":""qa/BOUNDARY2_VISUAL.json""}",bounded evidence replay,2026-08-21T12:34:05+02:00
r014.backend.record,1.0.0,ttp.r014.qa.boundary2-build,qa_event,active,ttp.r014.yaintt,ttp.r014.yaintt,,und,2026-08-21T13:53:00+02:00,codex.r014.id-ID,,target_build,pass,"[""ttp.r014.artifact.boundary2-pdf""]","{""path"":""qa/BOUNDARY2_BUILD.json""}",bounded evidence replay,2026-08-21T12:33:25+02:00
r014.backend.record,1.0.0,ttp.r014.qa.boundary2-visual,qa_event,active,ttp.r014.yaintt,ttp.r014.yaintt,,und,2026-08-21T13:53:00+02:00,codex.r014.id-ID,,visual,pass,"[""ttp.r014.artifact.boundary2-pdf""]","{""path"":""qa/BOUNDARY2_VISUAL.json""}",bounded evidence replay,2026-08-21T12:34:05+02:00
r014.backend.record,1.0.0,ttp.r014.qa.boundary20-build-canonical,qa_event,active,ttp.r014.yaintt,ttp.r014.yaintt,ttp.r014.edition.id-id.boundary28-final,und,2026-08-22T03:56:00+02:00,codex.r014.id-ID,ttp.r014.qa.boundary20-build-evidence,build,pass,"[""ttp.r014.artifact.boundary20-pdf-canonical"",""ttp.r014.artifact.boundary20-build-receipt-canonical"",""ttp.r014.artifact.target-source.boundary28-final""]","{""bytes"":5716,""pages"":103,""path"":""qa/BOUNDARY20_BUILD.json"",""pdf_bytes"":753084,""pdf_path"":""output/YAINTT_ID_BOUNDARY20.pdf"",""pdf_sha256"":""b17e142502288b08eaca055060d412d7fd3cdf4c246de9b1582adc8e09e0fdfe"",""receipt_status"":""passed_canonical"",""sha256"":""9a01263fce5b1d6b8d554f6a3e9639271a9ba0f333a32f382cc05abeed0e529b""}",admitted canonical deterministic reader-build receipt,2026-08-22T03:56:00+02:00
r014.backend.record,1.0.0,ttp.r014.qa.boundary20-build-evidence,qa_event,active,ttp.r014.yaintt,ttp.r014.yaintt,,und,2026-08-22T03:06:00+02:00,codex.r014.id-ID,,build,passed_candidate_not_canonical,"[""ttp.r014.artifact.boundary20-reader-evidence"",""ttp.r014.artifact.boundary20-build-receipt-evidence""]","{""bytes"":5634,""path"":""qa/BOUNDARY20_LAYOUT_R2_BUILD.json"",""pdf_path"":""output/YAINTT_ID_BOUNDARY20_LAYOUT_R2_CANDIDATE.pdf"",""pdf_sha256"":""b17e142502288b08eaca055060d412d7fd3cdf4c246de9b1582adc8e09e0fdfe"",""sha256"":""a2adb9998816a2f5ec915058d65b5cf94ded0b1b9c67659ecae4579abaecfc1a""}",r014.boundary_candidate_build_receipt,2026-08-22T00:32:22Z
r014.backend.record,1.0.0,ttp.r014.qa.boundary20-visual-canonical,qa_event,active,ttp.r014.yaintt,ttp.r014.yaintt,ttp.r014.edition.id-id.boundary28-final,und,2026-08-22T03:56:00+02:00,codex.r014.id-ID,ttp.r014.qa.boundary20-visual-evidence,visual,pass,"[""ttp.r014.artifact.boundary20-pdf-canonical"",""ttp.r014.artifact.boundary20-visual-receipt-canonical""]","{""bytes"":3143,""pages"":103,""path"":""qa/BOUNDARY20_VISUAL.json"",""pdf_bytes"":753084,""pdf_path"":""output/YAINTT_ID_BOUNDARY20.pdf"",""pdf_sha256"":""b17e142502288b08eaca055060d412d7fd3cdf4c246de9b1582adc8e09e0fdfe"",""receipt_status"":""passed_canonical"",""sha256"":""15cdba4c28c6b3fa16000fb6a77e861042f580ad1e7d21771978e6a09cadef6a""}",admitted canonical all-page visual inspection receipt,2026-08-22T03:56:00+02:00
r014.backend.record,1.0.0,ttp.r014.qa.boundary20-visual-evidence,qa_event,active,ttp.r014.yaintt,ttp.r014.yaintt,,und,2026-08-22T03:06:00+02:00,codex.r014.id-ID,,visual,passed_candidate_not_canonical,"[""ttp.r014.artifact.boundary20-reader-evidence"",""ttp.r014.artifact.boundary20-visual-receipt-evidence""]","{""bytes"":3051,""path"":""qa/BOUNDARY20_LAYOUT_R2_VISUAL.json"",""pdf_path"":""output/YAINTT_ID_BOUNDARY20_LAYOUT_R2_CANDIDATE.pdf"",""pdf_sha256"":""b17e142502288b08eaca055060d412d7fd3cdf4c246de9b1582adc8e09e0fdfe"",""sha256"":""49ac540324eaa2a2b405ae9adf4b9c21a45170887fbc4cfb5f9751848719906e""}",r014.boundary_candidate_visual_receipt,2026-08-22T00:32:22Z
r014.backend.record,1.0.0,ttp.r014.qa.boundary21-build-canonical,qa_event,active,ttp.r014.yaintt,ttp.r014.yaintt,ttp.r014.edition.id-id.boundary28-final,und,2026-08-22T03:56:00+02:00,codex.r014.id-ID,ttp.r014.qa.boundary21-build-evidence,build,pass,"[""ttp.r014.artifact.boundary21-pdf-canonical"",""ttp.r014.artifact.boundary21-build-receipt-canonical"",""ttp.r014.artifact.target-source.boundary28-final""]","{""bytes"":5728,""pages"":107,""path"":""qa/BOUNDARY21_BUILD.json"",""pdf_bytes"":777400,""pdf_path"":""output/YAINTT_ID_BOUNDARY21.pdf"",""pdf_sha256"":""bb9ad104576e4b61b54e55451d526f94be2399fb53352f105754b12177aa2046"",""receipt_status"":""passed_canonical"",""sha256"":""fc788f9a50c3de71f41cd5a59a39c885fd3c4518afd8ce21b107c030dc2b1a37""}",admitted canonical deterministic reader-build receipt,2026-08-22T03:56:00+02:00
r014.backend.record,1.0.0,ttp.r014.qa.boundary21-build-evidence,qa_event,active,ttp.r014.yaintt,ttp.r014.yaintt,,und,2026-08-22T03:06:00+02:00,codex.r014.id-ID,,build,passed_candidate_not_canonical,"[""ttp.r014.artifact.boundary21-reader-evidence"",""ttp.r014.artifact.boundary21-build-receipt-evidence""]","{""bytes"":5646,""path"":""qa/BOUNDARY21_LAYOUT_R2_BUILD.json"",""pdf_path"":""output/YAINTT_ID_BOUNDARY21_LAYOUT_R2_CANDIDATE.pdf"",""pdf_sha256"":""bb9ad104576e4b61b54e55451d526f94be2399fb53352f105754b12177aa2046"",""sha256"":""eaa69f532f9d727a8958700578f4ea233fc356d3282ffaa9d3e3674dfe52fb18""}",r014.boundary_candidate_build_receipt,2026-08-22T00:32:22Z
r014.backend.record,1.0.0,ttp.r014.qa.boundary21-visual-canonical,qa_event,active,ttp.r014.yaintt,ttp.r014.yaintt,ttp.r014.edition.id-id.boundary28-final,und,2026-08-22T03:56:00+02:00,codex.r014.id-ID,ttp.r014.qa.boundary21-visual-evidence,visual,pass,"[""ttp.r014.artifact.boundary21-pdf-canonical"",""ttp.r014.artifact.boundary21-visual-receipt-canonical""]","{""bytes"":3301,""pages"":107,""path"":""qa/BOUNDARY21_VISUAL.json"",""pdf_bytes"":777400,""pdf_path"":""output/YAINTT_ID_BOUNDARY21.pdf"",""pdf_sha256"":""bb9ad104576e4b61b54e55451d526f94be2399fb53352f105754b12177aa2046"",""receipt_status"":""passed_canonical"",""sha256"":""395890557f499fbaea49e0ce35a76e5e74b0d72cffb684ba64deb2df2ab17f5e""}",admitted canonical all-page visual inspection receipt,2026-08-22T03:56:00+02:00
r014.backend.record,1.0.0,ttp.r014.qa.boundary21-visual-evidence,qa_event,active,ttp.r014.yaintt,ttp.r014.yaintt,,und,2026-08-22T03:06:00+02:00,codex.r014.id-ID,,visual,passed_candidate_not_canonical,"[""ttp.r014.artifact.boundary21-reader-evidence"",""ttp.r014.artifact.boundary21-visual-receipt-evidence""]","{""bytes"":3209,""path"":""qa/BOUNDARY21_LAYOUT_R2_VISUAL.json"",""pdf_path"":""output/YAINTT_ID_BOUNDARY21_LAYOUT_R2_CANDIDATE.pdf"",""pdf_sha256"":""bb9ad104576e4b61b54e55451d526f94be2399fb53352f105754b12177aa2046"",""sha256"":""2466f40240ff983e7122a030e22afb5f98f8ee791577035c7fc17d2812da0648""}",r014.boundary_candidate_visual_receipt,2026-08-22T00:32:22Z
r014.backend.record,1.0.0,ttp.r014.qa.boundary22-build-canonical,qa_event,active,ttp.r014.yaintt,ttp.r014.yaintt,ttp.r014.edition.id-id.boundary28-final,und,2026-08-22T03:56:00+02:00,codex.r014.id-ID,ttp.r014.qa.boundary22-build-evidence,build,pass,"[""ttp.r014.artifact.boundary22-pdf-canonical"",""ttp.r014.artifact.boundary22-build-receipt-canonical"",""ttp.r014.artifact.target-source.boundary28-final""]","{""bytes"":6039,""pages"":111,""path"":""qa/BOUNDARY22_BUILD.json"",""pdf_bytes"":791075,""pdf_path"":""output/YAINTT_ID_BOUNDARY22.pdf"",""pdf_sha256"":""27536429f962e5af3321cdad6a00a12ced0031f37845f4bad4cfb6125c2bfac9"",""receipt_status"":""passed_canonical"",""sha256"":""916bceebc4ec9649ef4ae48856c7a70fdf997b5772446ef5b501cb6bd71bb1dc""}",admitted canonical deterministic reader-build receipt,2026-08-22T03:56:00+02:00
r014.backend.record,1.0.0,ttp.r014.qa.boundary22-build-evidence,qa_event,active,ttp.r014.yaintt,ttp.r014.yaintt,,und,2026-08-22T03:06:00+02:00,codex.r014.id-ID,,build,passed_structural_candidate_not_canonical,"[""ttp.r014.artifact.boundary22-reader-evidence"",""ttp.r014.artifact.boundary22-build-receipt-evidence""]","{""bytes"":5963,""path"":""qa/BOUNDARY22_LAYOUT_R2_BUILD.json"",""pdf_path"":""output/YAINTT_ID_BOUNDARY22_LAYOUT_R2_CANDIDATE.pdf"",""pdf_sha256"":""27536429f962e5af3321cdad6a00a12ced0031f37845f4bad4cfb6125c2bfac9"",""sha256"":""ca92c710449c45200c8e77517fa1f50d183fbe146e6c6c185520f66b5e587f77""}",r014.boundary22_24_candidate_build_qa,2026-08-22T03:06:00+02:00
r014.backend.record,1.0.0,ttp.r014.qa.boundary22-visual-canonical,qa_event,active,ttp.r014.yaintt,ttp.r014.yaintt,ttp.r014.edition.id-id.boundary28-final,und,2026-08-22T03:56:00+02:00,codex.r014.id-ID,ttp.r014.qa.boundary22-visual-evidence,visual,pass,"[""ttp.r014.artifact.boundary22-pdf-canonical"",""ttp.r014.artifact.boundary22-visual-receipt-canonical""]","{""bytes"":4483,""pages"":111,""path"":""qa/BOUNDARY22_VISUAL.json"",""pdf_bytes"":791075,""pdf_path"":""output/YAINTT_ID_BOUNDARY22.pdf"",""pdf_sha256"":""27536429f962e5af3321cdad6a00a12ced0031f37845f4bad4cfb6125c2bfac9"",""receipt_status"":""passed_canonical"",""sha256"":""bc7f4b8445b638b44f3fb62bb13fb6729e36218662f98d43cc8e6a040ee82ea5""}",admitted canonical all-page visual inspection receipt,2026-08-22T03:56:00+02:00
r014.backend.record,1.0.0,ttp.r014.qa.boundary22-visual-evidence,qa_event,active,ttp.r014.yaintt,ttp.r014.yaintt,,und,2026-08-22T03:06:00+02:00,codex.r014.id-ID,,visual,passed_candidate_not_canonical,"[""ttp.r014.artifact.boundary22-reader-evidence"",""ttp.r014.artifact.boundary22-visual-receipt-evidence""]","{""bytes"":4386,""path"":""qa/BOUNDARY22_LAYOUT_R2_VISUAL.json"",""pdf_path"":""output/YAINTT_ID_BOUNDARY22_LAYOUT_R2_CANDIDATE.pdf"",""pdf_sha256"":""27536429f962e5af3321cdad6a00a12ced0031f37845f4bad4cfb6125c2bfac9"",""sha256"":""7229796ef652aeb342ba34daec73bada2b9d6bc5fb83d0b41b450c423a2757f0""}",r014.boundary22_24_candidate_visual_qa,2026-08-22T03:06:00+02:00
r014.backend.record,1.0.0,ttp.r014.qa.boundary23-build-canonical,qa_event,active,ttp.r014.yaintt,ttp.r014.yaintt,ttp.r014.edition.id-id.boundary28-final,und,2026-08-22T03:56:00+02:00,codex.r014.id-ID,ttp.r014.qa.boundary23-build-evidence,build,pass,"[""ttp.r014.artifact.boundary23-pdf-canonical"",""ttp.r014.artifact.boundary23-build-receipt-canonical"",""ttp.r014.artifact.target-source.boundary28-final""]","{""bytes"":5994,""pages"":114,""path"":""qa/BOUNDARY23_BUILD.json"",""pdf_bytes"":816756,""pdf_path"":""output/YAINTT_ID_BOUNDARY23.pdf"",""pdf_sha256"":""719fe1592c8a1748b1dc7bf1cae8f10fe00d249a59f7843739e745a1e84c68b9"",""receipt_status"":""passed_canonical"",""sha256"":""6b628803fce21b4d0e7530f7ab6001a88658736f943e00571e167c5d892f15dd""}",admitted canonical deterministic reader-build receipt,2026-08-22T03:56:00+02:00
r014.backend.record,1.0.0,ttp.r014.qa.boundary23-build-evidence,qa_event,active,ttp.r014.yaintt,ttp.r014.yaintt,,und,2026-08-22T03:06:00+02:00,codex.r014.id-ID,,build,passed_structural_candidate_not_canonical,"[""ttp.r014.artifact.boundary23-reader-evidence"",""ttp.r014.artifact.boundary23-build-receipt-evidence""]","{""bytes"":5907,""path"":""qa/BOUNDARY23_R3_BUILD.json"",""pdf_path"":""output/YAINTT_ID_BOUNDARY23_R3_CANDIDATE.pdf"",""pdf_sha256"":""719fe1592c8a1748b1dc7bf1cae8f10fe00d249a59f7843739e745a1e84c68b9"",""sha256"":""5d22a74a932b04617508a7df269427aee3be3963c1525cfab2add0a43fb853a9""}",r014.boundary22_24_candidate_build_qa,2026-08-22T03:06:00+02:00
r014.backend.record,1.0.0,ttp.r014.qa.boundary23-visual-canonical,qa_event,active,ttp.r014.yaintt,ttp.r014.yaintt,ttp.r014.edition.id-id.boundary28-final,und,2026-08-22T03:56:00+02:00,codex.r014.id-ID,ttp.r014.qa.boundary23-visual-evidence,visual,pass,"[""ttp.r014.artifact.boundary23-pdf-canonical"",""ttp.r014.artifact.boundary23-visual-receipt-canonical""]","{""bytes"":4597,""pages"":114,""path"":""qa/BOUNDARY23_VISUAL.json"",""pdf_bytes"":816756,""pdf_path"":""output/YAINTT_ID_BOUNDARY23.pdf"",""pdf_sha256"":""719fe1592c8a1748b1dc7bf1cae8f10fe00d249a59f7843739e745a1e84c68b9"",""receipt_status"":""passed_canonical"",""sha256"":""4b95d52d82f3c578f1f51827860b60a6527e751c41ba49b998d7dc4368b9dedc""}",admitted canonical all-page visual inspection receipt,2026-08-22T03:56:00+02:00
r014.backend.record,1.0.0,ttp.r014.qa.boundary23-visual-evidence,qa_event,active,ttp.r014.yaintt,ttp.r014.yaintt,,und,2026-08-22T03:06:00+02:00,codex.r014.id-ID,,visual,passed_candidate_not_canonical,"[""ttp.r014.artifact.boundary23-reader-evidence"",""ttp.r014.artifact.boundary23-visual-receipt-evidence""]","{""bytes"":4496,""path"":""qa/BOUNDARY23_R3_VISUAL.json"",""pdf_path"":""output/YAINTT_ID_BOUNDARY23_R3_CANDIDATE.pdf"",""pdf_sha256"":""719fe1592c8a1748b1dc7bf1cae8f10fe00d249a59f7843739e745a1e84c68b9"",""sha256"":""431f1d6c275c0704e1019968093a9c57a51ab1f71786e5a07369dc369c4899b2""}",r014.boundary22_24_candidate_visual_qa,2026-08-22T03:06:00+02:00
r014.backend.record,1.0.0,ttp.r014.qa.boundary24-build-canonical,qa_event,active,ttp.r014.yaintt,ttp.r014.yaintt,ttp.r014.edition.id-id.boundary28-final,und,2026-08-22T03:56:00+02:00,codex.r014.id-ID,ttp.r014.qa.boundary24-build-evidence,build,pass,"[""ttp.r014.artifact.boundary24-pdf-canonical"",""ttp.r014.artifact.boundary24-build-receipt-canonical"",""ttp.r014.artifact.target-source.boundary28-final""]","{""bytes"":6859,""pages"":118,""path"":""qa/BOUNDARY24_BUILD.json"",""pdf_bytes"":832452,""pdf_path"":""output/YAINTT_ID_BOUNDARY24.pdf"",""pdf_sha256"":""8815a9a16c19529cfa505be8c1dcdf8a2319d7010d56e636c170a16179b0024f"",""receipt_status"":""passed_canonical"",""sha256"":""5b2beb56139c56cd58a753fd8a11e7a1f55989be284443092065dac23ae3a235""}",admitted canonical deterministic reader-build receipt,2026-08-22T03:56:00+02:00
r014.backend.record,1.0.0,ttp.r014.qa.boundary24-build-evidence,qa_event,active,ttp.r014.yaintt,ttp.r014.yaintt,,und,2026-08-22T03:06:00+02:00,codex.r014.id-ID,,build,passed_structural_candidate_not_canonical,"[""ttp.r014.artifact.boundary24-reader-evidence"",""ttp.r014.artifact.boundary24-build-receipt-evidence""]","{""bytes"":5970,""path"":""qa/BOUNDARY24_R2_BUILD.json"",""pdf_path"":""output/YAINTT_ID_BOUNDARY24_R2_CANDIDATE.pdf"",""pdf_sha256"":""26f567b5ae72ae95b28085b9dc9cbb600959c5f164466a64e88ed5396577d68f"",""sha256"":""fe5a6fa62413413c59afd2e7bf5a5a57cf997eb0d4dc458003dce17a49ec4078""}",r014.boundary22_24_candidate_build_qa,2026-08-22T03:06:00+02:00
r014.backend.record,1.0.0,ttp.r014.qa.boundary24-visual-canonical,qa_event,active,ttp.r014.yaintt,ttp.r014.yaintt,ttp.r014.edition.id-id.boundary28-final,und,2026-08-22T03:56:00+02:00,codex.r014.id-ID,ttp.r014.qa.boundary24-visual-evidence,visual,pass,"[""ttp.r014.artifact.boundary24-pdf-canonical"",""ttp.r014.artifact.boundary24-visual-receipt-canonical""]","{""bytes"":5548,""pages"":118,""path"":""qa/BOUNDARY24_VISUAL.json"",""pdf_bytes"":832452,""pdf_path"":""output/YAINTT_ID_BOUNDARY24.pdf"",""pdf_sha256"":""8815a9a16c19529cfa505be8c1dcdf8a2319d7010d56e636c170a16179b0024f"",""receipt_status"":""passed_canonical"",""sha256"":""776ff1f8e179ac0c5269b5da8ee35b7eae803d2d9dc8d770d304e2f023aaade2""}",admitted canonical all-page visual inspection receipt,2026-08-22T03:56:00+02:00
r014.backend.record,1.0.0,ttp.r014.qa.boundary24-visual-evidence,qa_event,active,ttp.r014.yaintt,ttp.r014.yaintt,,und,2026-08-22T03:06:00+02:00,codex.r014.id-ID,,visual,failed_visual_candidate_not_canonical,"[""ttp.r014.artifact.boundary24-reader-evidence"",""ttp.r014.artifact.boundary24-visual-receipt-evidence""]","{""bytes"":5135,""path"":""qa/BOUNDARY24_R2_VISUAL.json"",""pdf_path"":""output/YAINTT_ID_BOUNDARY24_R2_CANDIDATE.pdf"",""pdf_sha256"":""26f567b5ae72ae95b28085b9dc9cbb600959c5f164466a64e88ed5396577d68f"",""sha256"":""a0c399a4a35e48196f05fc40d09f3c9ea2d51eec15e43c1a5953647744c8c1b3""}",r014.boundary22_24_candidate_visual_qa,2026-08-22T03:06:00+02:00
r014.backend.record,1.0.0,ttp.r014.qa.boundary25-build-canonical,qa_event,active,ttp.r014.yaintt,ttp.r014.yaintt,ttp.r014.edition.id-id.boundary28-final,und,2026-08-22T03:56:00+02:00,codex.r014.id-ID,ttp.r014.qa.boundary25-build-pending,build,pass,"[""ttp.r014.artifact.boundary25-pdf-canonical"",""ttp.r014.artifact.boundary25-build-receipt-canonical"",""ttp.r014.artifact.target-source.boundary28-final""]","{""bytes"":6186,""pages"":124,""path"":""qa/BOUNDARY25_BUILD.json"",""pdf_bytes"":874882,""pdf_path"":""output/YAINTT_ID_BOUNDARY25.pdf"",""pdf_sha256"":""95dde8dbd45dcfdf7580d5a81672a137ec7275ff4cb1a40435c128f6caa6c154"",""receipt_status"":""passed_canonical"",""sha256"":""ced14aa2fff399d8c9b2c972c15c3e369c032b8b5e907a722894004003d5da6d""}",admitted canonical deterministic reader-build receipt,2026-08-22T03:56:00+02:00
r014.backend.record,1.0.0,ttp.r014.qa.boundary25-build-pending,qa_event,active,ttp.r014.yaintt,ttp.r014.yaintt,ttp.r014.edition.id-id.boundary28-r2,und,2026-08-22T03:06:00+02:00,codex.r014.id-ID,,build,pending,"[""ttp.r014.artifact.target-source.boundary28-r2""]","{""path"":""qa/review-candidates/boundary28-r2/yaintt-id.tex"",""reason"":""No passed Boundary 25 build receipt exists in the selected final-candidate lineage."",""target_sha256"":""b1dd2926dc8bfdb84c6a3b4605490a8d96b14c44d89653867160d701fa0f17db""}",filesystem evidence inventory,2026-08-22T03:06:00+02:00
r014.backend.record,1.0.0,ttp.r014.qa.boundary25-translation-review-evidence,qa_event,active,ttp.r014.yaintt,ttp.r014.yaintt,ttp.r014.edition.id-id.boundary28-r2,und,2026-08-22T03:06:00+02:00,codex.r014.id-ID,,math-language-topology-review,passed,"[""ttp.r014.artifact.boundary25-translation-review-receipt"",""ttp.r014.artifact.target-source.boundary28-r2""]","{""authority"":{""bytes"":14198,""end_line"":5271,""path"":""authority/downloads/yaintt.tex"",""sha256"":""2a996ee4091f81ebdfc18ff53b984ea20e2f479d2238dadb0148c6670e8e0966"",""slice_convention"":""section start inclusive; next section start exclusive"",""start_line"":4899},""bytes"":1473,""checks"":{""mathematics"":""pass"",""natural_id_id"":""pass"",""structure"":""pass"",""terminology"":""pass"",""unintended_english_residue"":0},""path"":""qa/BOUNDARY25_TRANSLATION_REVIEW.json"",""reviewed_target"":{""bytes"":14633,""end_marker"":""\\ifdefined\\boundarytwentyfive"",""path"":""qa/frozen-boundaries/boundary25/yaintt-id.tex"",""sha256"":""9c5696354a2243b25af8c16bf6b0addcaad440dcac88236d64a1d82e4f2a34b0"",""start_marker"":""\\section{Akar Primitif}""},""sha256"":""4258192f25e5e4b5a624d2174583852597abb9c149a66cb600092d1163efc2f1""}",r014.translation_review_receipt,2026-08-22T00:05:00Z
r014.backend.record,1.0.0,ttp.r014.qa.boundary25-visual-canonical,qa_event,active,ttp.r014.yaintt,ttp.r014.yaintt,ttp.r014.edition.id-id.boundary28-final,und,2026-08-22T03:56:00+02:00,codex.r014.id-ID,,visual,pass,"[""ttp.r014.artifact.boundary25-pdf-canonical"",""ttp.r014.artifact.boundary25-visual-receipt-canonical""]","{""bytes"":4992,""pages"":124,""path"":""qa/BOUNDARY25_VISUAL.json"",""pdf_bytes"":874882,""pdf_path"":""output/YAINTT_ID_BOUNDARY25.pdf"",""pdf_sha256"":""95dde8dbd45dcfdf7580d5a81672a137ec7275ff4cb1a40435c128f6caa6c154"",""receipt_status"":""passed_canonical"",""sha256"":""0e72412cbdef3d11e358ffa1fcdf82862d940ef2a74bc84852432bba2f18c71b""}",admitted canonical all-page visual inspection receipt,2026-08-22T03:56:00+02:00
r014.backend.record,1.0.0,ttp.r014.qa.boundary26-build-canonical,qa_event,active,ttp.r014.yaintt,ttp.r014.yaintt,ttp.r014.edition.id-id.boundary28-final,und,2026-08-22T03:56:00+02:00,codex.r014.id-ID,ttp.r014.qa.boundary26-build-pending,build,pass,"[""ttp.r014.artifact.boundary26-pdf-canonical"",""ttp.r014.artifact.boundary26-build-receipt-canonical"",""ttp.r014.artifact.target-source.boundary28-final""]","{""bytes"":6205,""pages"":128,""path"":""qa/BOUNDARY26_BUILD.json"",""pdf_bytes"":899343,""pdf_path"":""output/YAINTT_ID_BOUNDARY26.pdf"",""pdf_sha256"":""28f497d2cdfee61c85b37a62873184f5a2348f73c1daef7ac7c56d10dc2dd169"",""receipt_status"":""passed_canonical"",""sha256"":""9c53a68af6d0a6b26144da5d1c8a46cffd297bff8f75e73421da1cee4c96bd21""}",admitted canonical deterministic reader-build receipt,2026-08-22T03:56:00+02:00
r014.backend.record,1.0.0,ttp.r014.qa.boundary26-build-pending,qa_event,active,ttp.r014.yaintt,ttp.r014.yaintt,ttp.r014.edition.id-id.boundary28-r2,und,2026-08-22T03:06:00+02:00,codex.r014.id-ID,,build,pending,"[""ttp.r014.artifact.target-source.boundary28-r2""]","{""path"":""qa/review-candidates/boundary28-r2/yaintt-id.tex"",""reason"":""No passed Boundary 26 build receipt exists in the selected final-candidate lineage."",""target_sha256"":""b1dd2926dc8bfdb84c6a3b4605490a8d96b14c44d89653867160d701fa0f17db""}",filesystem evidence inventory,2026-08-22T03:06:00+02:00
r014.backend.record,1.0.0,ttp.r014.qa.boundary26-translation-review-evidence,qa_event,active,ttp.r014.yaintt,ttp.r014.yaintt,ttp.r014.edition.id-id.boundary28-r2,und,2026-08-22T03:06:00+02:00,codex.r014.id-ID,,math-language-topology-review,passed_after_two_p3_terminology_corrections,"[""ttp.r014.artifact.boundary26-translation-review-receipt"",""ttp.r014.artifact.target-source.boundary28-r2""]","{""authority"":{""bytes"":8049,""end_line"":5523,""path"":""authority/downloads/yaintt.tex"",""sha256"":""57c12d79262178f7a3b6547db5f5fb3c4e35aeddc75fb58da2d9d463d21af0b6"",""slice_convention"":""section start inclusive; next section start exclusive"",""start_line"":5272},""bytes"":1564,""checks"":{""all_153_index_table_values_recomputed"":""pass"",""mathematics"":""pass"",""natural_id_id"":""pass"",""structure"":""pass"",""terminology"":""pass"",""unintended_english_residue"":0},""path"":""qa/BOUNDARY26_TRANSLATION_REVIEW.json"",""reviewed_target"":{""bytes"":8478,""end_marker"":""\\ifdefined\\boundarytwentysix"",""path"":""qa/frozen-boundaries/boundary26/yaintt-id.tex"",""sha256"":""9d9f9b5014f8ff7ed74290ea56de7f1f6dfec243516c6a6c63ea14cef37559ab"",""start_marker"":""\\section{Indeks}""},""sha256"":""ea1474e06e18c69898d284154bb0aa146fbb5049bf525e10201fb182ed6985fc""}",r014.translation_review_receipt,2026-08-22T00:23:00Z
r014.backend.record,1.0.0,ttp.r014.qa.boundary26-visual-canonical,qa_event,active,ttp.r014.yaintt,ttp.r014.yaintt,ttp.r014.edition.id-id.boundary28-final,und,2026-08-22T03:56:00+02:00,codex.r014.id-ID,,visual,pass,"[""ttp.r014.artifact.boundary26-pdf-canonical"",""ttp.r014.artifact.boundary26-visual-receipt-canonical""]","{""bytes"":5132,""pages"":128,""path"":""qa/BOUNDARY26_VISUAL.json"",""pdf_bytes"":899343,""pdf_path"":""output/YAINTT_ID_BOUNDARY26.pdf"",""pdf_sha256"":""28f497d2cdfee61c85b37a62873184f5a2348f73c1daef7ac7c56d10dc2dd169"",""receipt_status"":""passed_canonical"",""sha256"":""07162fb087693d5b2aad108bacf2d8835a05584452d3e4987b329c3aadd922b3""}",admitted canonical all-page visual inspection receipt,2026-08-22T03:56:00+02:00
r014.backend.record,1.0.0,ttp.r014.qa.boundary27-build-canonical,qa_event,active,ttp.r014.yaintt,ttp.r014.yaintt,ttp.r014.edition.id-id.boundary28-final,und,2026-08-22T03:56:00+02:00,codex.r014.id-ID,ttp.r014.qa.boundary27-build-pending,build,pass,"[""ttp.r014.artifact.boundary27-pdf-canonical"",""ttp.r014.artifact.boundary27-build-receipt-canonical"",""ttp.r014.artifact.target-source.boundary28-final""]","{""bytes"":6271,""pages"":132,""path"":""qa/BOUNDARY27_BUILD.json"",""pdf_bytes"":934433,""pdf_path"":""output/YAINTT_ID_BOUNDARY27.pdf"",""pdf_sha256"":""1fb63e1d1bd1643f5a2296b2e36b7503348ac21f307f502d912fcc2b3bcfeccf"",""receipt_status"":""passed_canonical"",""sha256"":""f2df52416545380a8347c96e895d2bc6dbb85d7a7d3ba7cd19c1341db78d24d7""}",admitted canonical deterministic reader-build receipt,2026-08-22T03:56:00+02:00
r014.backend.record,1.0.0,ttp.r014.qa.boundary27-build-pending,qa_event,active,ttp.r014.yaintt,ttp.r014.yaintt,ttp.r014.edition.id-id.boundary28-r2,und,2026-08-22T03:06:00+02:00,codex.r014.id-ID,,build,pending,"[""ttp.r014.artifact.target-source.boundary28-r2""]","{""path"":""qa/review-candidates/boundary28-r2/yaintt-id.tex"",""reason"":""No passed Boundary 27 build receipt exists in the selected final-candidate lineage."",""target_sha256"":""b1dd2926dc8bfdb84c6a3b4605490a8d96b14c44d89653867160d701fa0f17db""}",filesystem evidence inventory,2026-08-22T03:06:00+02:00
r014.backend.record,1.0.0,ttp.r014.qa.boundary27-translation-review-evidence,qa_event,active,ttp.r014.yaintt,ttp.r014.yaintt,ttp.r014.edition.id-id.boundary28-r2,und,2026-08-22T03:06:00+02:00,codex.r014.id-ID,,math-language-topology-review,passed_after_p3_terminology_correction,"[""ttp.r014.artifact.boundary27-translation-review-receipt"",""ttp.r014.artifact.target-source.boundary28-r2""]","{""authority"":{""bytes"":9988,""end_line"":5766,""path"":""authority/downloads/yaintt.tex"",""sha256"":""1d81170e61c5724677a54cbf06220060ee528068416d7c740a2232e5c51d666a"",""slice_convention"":""section start inclusive; next section start exclusive"",""start_line"":5524},""bytes"":1657,""checks"":{""mathematics"":""pass"",""natural_id_id"":""pass"",""p617_and_p11717_examples"":""independently recomputed"",""security_scope"":""pass"",""sophie_germain_list"":""independently recomputed"",""structure"":""pass"",""unintended_english_residue"":0},""path"":""qa/BOUNDARY27_TRANSLATION_REVIEW.json"",""reviewed_target"":{""bytes"":10654,""end_marker"":""\\ifdefined\\boundarytwentyseven"",""path"":""qa/frozen-boundaries/boundary27/yaintt-id.tex"",""sha256"":""047b2e11d2a03f7eeae71ff7f919f25b1f18203406d2557f284617c58524474b"",""start_marker"":""\\section{Pertukaran Kunci Diffie--Hellman}""},""sha256"":""ecbff12675a19c1f37b50f7fca4c59c2242f7e7f2fdfb716078e94ce9946c7d4""}",r014.translation_review_receipt,2026-08-22T00:36:00Z
r014.backend.record,1.0.0,ttp.r014.qa.boundary27-visual-canonical,qa_event,active,ttp.r014.yaintt,ttp.r014.yaintt,ttp.r014.edition.id-id.boundary28-final,und,2026-08-22T03:56:00+02:00,codex.r014.id-ID,,visual,pass,"[""ttp.r014.artifact.boundary27-pdf-canonical"",""ttp.r014.artifact.boundary27-visual-receipt-canonical""]","{""bytes"":5268,""pages"":132,""path"":""qa/BOUNDARY27_VISUAL.json"",""pdf_bytes"":934433,""pdf_path"":""output/YAINTT_ID_BOUNDARY27.pdf"",""pdf_sha256"":""1fb63e1d1bd1643f5a2296b2e36b7503348ac21f307f502d912fcc2b3bcfeccf"",""receipt_status"":""passed_canonical"",""sha256"":""e089c64c0b67a63fdc9c53fac63b499e768ca3aeb1e642bb53ab707f0cc8b24b""}",admitted canonical all-page visual inspection receipt,2026-08-22T03:56:00+02:00
r014.backend.record,1.0.0,ttp.r014.qa.boundary28-build-canonical,qa_event,active,ttp.r014.yaintt,ttp.r014.yaintt,ttp.r014.edition.id-id.boundary28-final,und,2026-08-22T03:56:00+02:00,codex.r014.id-ID,ttp.r014.qa.boundary28-build-pending,build,pass,"[""ttp.r014.artifact.boundary28-pdf-canonical"",""ttp.r014.artifact.boundary28-build-receipt-canonical"",""ttp.r014.artifact.target-source.boundary28-final""]","{""bytes"":7395,""pages"":138,""path"":""qa/FINAL_BUILD.json"",""pdf_bytes"":962527,""pdf_path"":""output/YAINTT_ID.pdf"",""pdf_sha256"":""1ded3c6844b656347259b464bf21526fdc32dc2246c73ac58ab76ed28688eefc"",""receipt_status"":""passed_canonical_final"",""sha256"":""d112b48de7032c2eda809419eadaaafdec089c8b6c5886db8501ab226c8123e2""}",admitted canonical deterministic reader-build receipt,2026-08-22T03:56:00+02:00
r014.backend.record,1.0.0,ttp.r014.qa.boundary28-build-pending,qa_event,active,ttp.r014.yaintt,ttp.r014.yaintt,ttp.r014.edition.id-id.boundary28-r2,und,2026-08-22T03:06:00+02:00,codex.r014.id-ID,,build,pending,"[""ttp.r014.artifact.target-source.boundary28-r2""]","{""path"":""qa/review-candidates/boundary28-r2/yaintt-id.tex"",""reason"":""No full-book Boundary 28-r2 build receipt or PDF exists yet."",""target_sha256"":""b1dd2926dc8bfdb84c6a3b4605490a8d96b14c44d89653867160d701fa0f17db""}",filesystem evidence inventory,2026-08-22T03:06:00+02:00
r014.backend.record,1.0.0,ttp.r014.qa.boundary28-final-source-freeze,qa_event,active,ttp.r014.yaintt,ttp.r014.yaintt,ttp.r014.edition.id-id.boundary28-final,und,2026-08-22T03:56:00+02:00,codex.r014.id-ID,,source_freeze,pass,"[""ttp.r014.artifact.target-source.boundary28-final""]","{""byte_identical_to_review_candidate"":true,""bytes"":269464,""path"":""qa/frozen-boundaries/boundary28-final/yaintt-id.tex"",""sha256"":""b1dd2926dc8bfdb84c6a3b4605490a8d96b14c44d89653867160d701fa0f17db""}",exact byte-count and SHA-256 identity against the admitted Boundary 28-r2 review candidate,2026-08-22T03:56:00+02:00
r014.backend.record,1.0.0,ttp.r014.qa.boundary28-r2-backend-structural,qa_event,active,ttp.r014.yaintt,ttp.r014.yaintt,ttp.r014.edition.id-id.boundary28-r2,und,2026-08-22T03:06:00+02:00,codex.r014.id-ID,,source-target-topology-and-backend-closure,pass,"[""ttp.r014.artifact.target-source.boundary28-r2"",""ttp.r014.artifact.adverse-ledger.boundary28-r2"",""ttp.r014.artifact.terminology.boundary28-r2""]","{""adverse_ledger_path"":""qa/review-candidates/boundary28-r2/ADVERSE_LEDGER.md"",""authority_path"":""authority/downloads/yaintt.tex"",""authority_sha256"":""d2967870a0d43de60c590a2bb40cee6915e7b6d68a0dd3ad574f64c7b6430829"",""boundaries"":17,""corrections"":141,""exercise_groups"":14,""exercises"":43,""generated_units"":298,""semantic_environments"":265,""structural_sequence_match"":true,""target_bytes"":269464,""target_path"":""qa/review-candidates/boundary28-r2/yaintt-id.tex"",""target_sha256"":""b1dd2926dc8bfdb84c6a3b4605490a8d96b14c44d89653867160d701fa0f17db"",""terminology_path"":""qa/review-candidates/boundary28-r2/TERMINOLOGY.md"",""terminology_rows"":216}",deterministic line-bound source/target parser with exact environment-sequence comparison,2026-08-22T03:06:00+02:00
r014.backend.record,1.0.0,ttp.r014.qa.boundary28-visual-canonical,qa_event,active,ttp.r014.yaintt,ttp.r014.yaintt,ttp.r014.edition.id-id.boundary28-final,und,2026-08-22T03:56:00+02:00,codex.r014.id-ID,,visual,pass,"[""ttp.r014.artifact.boundary28-pdf-canonical"",""ttp.r014.artifact.boundary28-visual-receipt-canonical""]","{""bytes"":5729,""pages"":138,""path"":""qa/FINAL_VISUAL.json"",""pdf_bytes"":962527,""pdf_path"":""output/YAINTT_ID.pdf"",""pdf_sha256"":""1ded3c6844b656347259b464bf21526fdc32dc2246c73ac58ab76ed28688eefc"",""receipt_status"":""passed_canonical_final"",""sha256"":""4d69b0335cb59477117209ba2c62347afc758c73d9bde9a19c6b25df10851292""}",admitted canonical all-page visual inspection receipt,2026-08-22T03:56:00+02:00
r014.backend.record,1.0.0,ttp.r014.qa.boundary3-accessibility,qa_event,active,ttp.r014.yaintt,ttp.r014.yaintt,,und,2026-08-21T13:53:00+02:00,codex.r014.id-ID,,accessibility,pass_with_untagged_pdf_caveat,"[""ttp.r014.artifact.boundary3-pdf""]","{""path"":""qa/BOUNDARY3_VISUAL.json""}",bounded evidence replay,2026-08-21T13:44:10+02:00
r014.backend.record,1.0.0,ttp.r014.qa.boundary3-build,qa_event,active,ttp.r014.yaintt,ttp.r014.yaintt,,und,2026-08-21T13:53:00+02:00,codex.r014.id-ID,,target_build,pass,"[""ttp.r014.artifact.boundary3-pdf""]","{""path"":""qa/BOUNDARY3_BUILD.json""}",bounded evidence replay,2026-08-21T13:42:32+02:00
r014.backend.record,1.0.0,ttp.r014.qa.boundary3-visual,qa_event,active,ttp.r014.yaintt,ttp.r014.yaintt,,und,2026-08-21T13:53:00+02:00,codex.r014.id-ID,,visual,pass,"[""ttp.r014.artifact.boundary3-pdf""]","{""path"":""qa/BOUNDARY3_VISUAL.json""}",bounded evidence replay,2026-08-21T13:44:10+02:00
r014.backend.record,1.0.0,ttp.r014.qa.boundary4-accessibility,qa_event,active,ttp.r014.yaintt,ttp.r014.yaintt,,und,2026-08-21T13:53:00+02:00,codex.r014.id-ID,,accessibility,pass_with_untagged_pdf_caveat,"[""ttp.r014.artifact.boundary4-pdf""]","{""path"":""qa/BOUNDARY4_VISUAL.json""}",bounded evidence replay,2026-08-21T14:22:05+02:00
r014.backend.record,1.0.0,ttp.r014.qa.boundary4-build,qa_event,active,ttp.r014.yaintt,ttp.r014.yaintt,,und,2026-08-21T13:53:00+02:00,codex.r014.id-ID,,target_build,pass,"[""ttp.r014.artifact.boundary4-pdf""]","{""path"":""qa/BOUNDARY4_BUILD.json""}",bounded evidence replay,2026-08-21T14:20:02+02:00
r014.backend.record,1.0.0,ttp.r014.qa.boundary4-visual,qa_event,active,ttp.r014.yaintt,ttp.r014.yaintt,,und,2026-08-21T13:53:00+02:00,codex.r014.id-ID,,visual,pass,"[""ttp.r014.artifact.boundary4-pdf""]","{""path"":""qa/BOUNDARY4_VISUAL.json""}",bounded evidence replay,2026-08-21T14:22:05+02:00
r014.backend.record,1.0.0,ttp.r014.qa.boundary5-accessibility,qa_event,active,ttp.r014.yaintt,ttp.r014.yaintt,,und,2026-08-21T13:53:00+02:00,codex.r014.id-ID,,accessibility,pass_with_untagged_pdf_caveat,"[""ttp.r014.artifact.boundary5-pdf""]","{""path"":""qa/BOUNDARY5_VISUAL.json""}",bounded evidence replay,2026-08-21T14:59:39+02:00
r014.backend.record,1.0.0,ttp.r014.qa.boundary5-build,qa_event,active,ttp.r014.yaintt,ttp.r014.yaintt,,und,2026-08-21T13:53:00+02:00,codex.r014.id-ID,,target_build,pass,"[""ttp.r014.artifact.boundary5-pdf""]","{""path"":""qa/BOUNDARY5_BUILD.json""}",bounded evidence replay,2026-08-21T14:53:55+02:00
r014.backend.record,1.0.0,ttp.r014.qa.boundary5-visual,qa_event,active,ttp.r014.yaintt,ttp.r014.yaintt,,und,2026-08-21T13:53:00+02:00,codex.r014.id-ID,,visual,pass,"[""ttp.r014.artifact.boundary5-pdf""]","{""path"":""qa/BOUNDARY5_VISUAL.json""}",bounded evidence replay,2026-08-21T14:59:39+02:00
r014.backend.record,1.0.0,ttp.r014.qa.boundary6-accessibility,qa_event,active,ttp.r014.yaintt,ttp.r014.yaintt,,und,2026-08-21T13:53:00+02:00,codex.r014.id-ID,,accessibility,pass_with_untagged_pdf_caveat,"[""ttp.r014.artifact.boundary6-pdf""]","{""path"":""qa/BOUNDARY6_VISUAL.json""}",bounded evidence replay,2026-08-21T16:59:10+02:00
r014.backend.record,1.0.0,ttp.r014.qa.boundary6-build,qa_event,active,ttp.r014.yaintt,ttp.r014.yaintt,,und,2026-08-21T13:53:00+02:00,codex.r014.id-ID,,target_build,pass,"[""ttp.r014.artifact.boundary6-pdf""]","{""path"":""qa/BOUNDARY6_BUILD.json""}",bounded evidence replay,2026-08-21T16:56:45+02:00
r014.backend.record,1.0.0,ttp.r014.qa.boundary6-visual,qa_event,active,ttp.r014.yaintt,ttp.r014.yaintt,,und,2026-08-21T13:53:00+02:00,codex.r014.id-ID,,visual,pass,"[""ttp.r014.artifact.boundary6-pdf""]","{""path"":""qa/BOUNDARY6_VISUAL.json""}",bounded evidence replay,2026-08-21T16:59:10+02:00
r014.backend.record,1.0.0,ttp.r014.qa.boundary7-accessibility,qa_event,active,ttp.r014.yaintt,ttp.r014.yaintt,,und,2026-08-21T13:53:00+02:00,codex.r014.id-ID,,accessibility,pass_with_untagged_pdf_caveat,"[""ttp.r014.artifact.boundary7-pdf""]","{""path"":""qa/BOUNDARY7_VISUAL.json""}",bounded evidence replay,2026-08-21T17:16:30+02:00
r014.backend.record,1.0.0,ttp.r014.qa.boundary7-build,qa_event,active,ttp.r014.yaintt,ttp.r014.yaintt,,und,2026-08-21T13:53:00+02:00,codex.r014.id-ID,,target_build,pass,"[""ttp.r014.artifact.boundary7-pdf""]","{""path"":""qa/BOUNDARY7_BUILD.json""}",bounded evidence replay,2026-08-21T17:14:20+02:00
r014.backend.record,1.0.0,ttp.r014.qa.boundary7-visual,qa_event,active,ttp.r014.yaintt,ttp.r014.yaintt,,und,2026-08-21T13:53:00+02:00,codex.r014.id-ID,,visual,pass,"[""ttp.r014.artifact.boundary7-pdf""]","{""path"":""qa/BOUNDARY7_VISUAL.json""}",bounded evidence replay,2026-08-21T17:16:30+02:00
r014.backend.record,1.0.0,ttp.r014.qa.boundary8-accessibility,qa_event,active,ttp.r014.yaintt,ttp.r014.yaintt,,und,2026-08-21T13:53:00+02:00,codex.r014.id-ID,,accessibility,pass_with_untagged_pdf_caveat,"[""ttp.r014.artifact.boundary8-pdf""]","{""path"":""qa/BOUNDARY8_VISUAL.json""}",bounded evidence replay,2026-08-21T17:29:10+02:00
r014.backend.record,1.0.0,ttp.r014.qa.boundary8-build,qa_event,active,ttp.r014.yaintt,ttp.r014.yaintt,,und,2026-08-21T13:53:00+02:00,codex.r014.id-ID,,target_build,pass,"[""ttp.r014.artifact.boundary8-pdf""]","{""path"":""qa/BOUNDARY8_BUILD.json""}",bounded evidence replay,2026-08-21T17:28:30+02:00
r014.backend.record,1.0.0,ttp.r014.qa.boundary8-visual,qa_event,active,ttp.r014.yaintt,ttp.r014.yaintt,,und,2026-08-21T13:53:00+02:00,codex.r014.id-ID,,visual,pass,"[""ttp.r014.artifact.boundary8-pdf""]","{""path"":""qa/BOUNDARY8_VISUAL.json""}",bounded evidence replay,2026-08-21T17:29:10+02:00
r014.backend.record,1.0.0,ttp.r014.qa.boundary9-accessibility,qa_event,active,ttp.r014.yaintt,ttp.r014.yaintt,,und,2026-08-21T13:53:00+02:00,codex.r014.id-ID,,accessibility,pass_with_untagged_pdf_caveat,"[""ttp.r014.artifact.boundary9-pdf""]","{""path"":""qa/BOUNDARY9_VISUAL.json""}",bounded evidence replay,2026-08-21T17:38:05+02:00
r014.backend.record,1.0.0,ttp.r014.qa.boundary9-build,qa_event,active,ttp.r014.yaintt,ttp.r014.yaintt,,und,2026-08-21T13:53:00+02:00,codex.r014.id-ID,,target_build,pass,"[""ttp.r014.artifact.boundary9-pdf""]","{""path"":""qa/BOUNDARY9_BUILD.json""}",bounded evidence replay,2026-08-21T17:36:30+02:00
r014.backend.record,1.0.0,ttp.r014.qa.boundary9-visual,qa_event,active,ttp.r014.yaintt,ttp.r014.yaintt,,und,2026-08-21T13:53:00+02:00,codex.r014.id-ID,,visual,pass,"[""ttp.r014.artifact.boundary9-pdf""]","{""path"":""qa/BOUNDARY9_VISUAL.json""}",bounded evidence replay,2026-08-21T17:38:05+02:00
r014.backend.record,1.0.0,ttp.r014.qa.component-rights,qa_event,active,ttp.r014.yaintt,ttp.r014.yaintt,,und,2026-08-21T13:53:00+02:00,codex.r014.id-ID,,component_rights,pass_with_badge_omission,"[""ttp.r014.artifact.authority-manifest""]","{""path"":""authority/COMPONENT_RIGHTS.json""}",bounded evidence replay,2026-08-21T13:53:00+02:00
r014.backend.record,1.0.0,ttp.r014.qa.section-aowi-language,qa_event,active,ttp.r014.yaintt,ttp.r014.yaintt,,und,2026-08-21T13:53:00+02:00,codex.r014.id-ID,,language,pass,"[""ttp.r014.artifact.target-source""]","{""path"":""qa/BOUNDARY2_BUILD.json""}",bounded evidence replay,2026-08-21T12:33:25+02:00
r014.backend.record,1.0.0,ttp.r014.qa.section-aowi-math,qa_event,active,ttp.r014.yaintt,ttp.r014.yaintt,,und,2026-08-21T13:53:00+02:00,codex.r014.id-ID,,mathematics,pass_with_documented_source_correction,"[""ttp.r014.artifact.target-source""]","{""path"":""qa/SECTION_AOWI_STRUCTURE.json""}",bounded evidence replay,2026-08-21T12:31:18+02:00
r014.backend.record,1.0.0,ttp.r014.qa.section-aowi-topology,qa_event,active,ttp.r014.yaintt,ttp.r014.yaintt,,und,2026-08-21T13:53:00+02:00,codex.r014.id-ID,,source_target_topology,pass,"[""ttp.r014.artifact.target-source""]","{""path"":""qa/SECTION_AOWI_STRUCTURE.json""}",bounded evidence replay,2026-08-21T12:31:18+02:00
r014.backend.record,1.0.0,ttp.r014.qa.section-awtwwc-language,qa_event,active,ttp.r014.yaintt,ttp.r014.yaintt,,und,2026-08-21T13:53:00+02:00,codex.r014.id-ID,,language,pass,"[""ttp.r014.artifact.target-source.boundary10""]","{""path"":""qa/SECTION_AWTWWC_STRUCTURE.json""}",bounded evidence replay,2026-08-21T17:42:06+02:00
r014.backend.record,1.0.0,ttp.r014.qa.section-awtwwc-math,qa_event,active,ttp.r014.yaintt,ttp.r014.yaintt,,und,2026-08-21T13:53:00+02:00,codex.r014.id-ID,,mathematics,pass_with_documented_source_correction,"[""ttp.r014.artifact.target-source.boundary10""]","{""path"":""qa/SECTION_AWTWWC_STRUCTURE.json""}",bounded evidence replay,2026-08-21T17:42:06+02:00
r014.backend.record,1.0.0,ttp.r014.qa.section-awtwwc-topology,qa_event,active,ttp.r014.yaintt,ttp.r014.yaintt,,und,2026-08-21T13:53:00+02:00,codex.r014.id-ID,,source_target_topology,pass,"[""ttp.r014.artifact.target-source.boundary10""]","{""path"":""qa/SECTION_AWTWWC_STRUCTURE.json""}",bounded evidence replay,2026-08-21T17:42:06+02:00
r014.backend.record,1.0.0,ttp.r014.qa.section-crt-language,qa_event,active,ttp.r014.yaintt,ttp.r014.yaintt,,und,2026-08-21T13:53:00+02:00,codex.r014.id-ID,,language,pass,"[""ttp.r014.artifact.target-source.boundary9""]","{""path"":""qa/SECTION_CRT_STRUCTURE.json""}",bounded evidence replay,2026-08-21T17:31:37+02:00
r014.backend.record,1.0.0,ttp.r014.qa.section-crt-math,qa_event,active,ttp.r014.yaintt,ttp.r014.yaintt,,und,2026-08-21T13:53:00+02:00,codex.r014.id-ID,,mathematics,pass_with_documented_source_correction,"[""ttp.r014.artifact.target-source.boundary9""]","{""path"":""qa/SECTION_CRT_STRUCTURE.json""}",bounded evidence replay,2026-08-21T17:31:37+02:00
r014.backend.record,1.0.0,ttp.r014.qa.section-crt-topology,qa_event,active,ttp.r014.yaintt,ttp.r014.yaintt,,und,2026-08-21T13:53:00+02:00,codex.r014.id-ID,,source_target_topology,pass,"[""ttp.r014.artifact.target-source.boundary9""]","{""path"":""qa/SECTION_CRT_STRUCTURE.json""}",bounded evidence replay,2026-08-21T17:31:37+02:00
r014.backend.record,1.0.0,ttp.r014.qa.section-dada-language,qa_event,active,ttp.r014.yaintt,ttp.r014.yaintt,,und,2026-08-21T13:53:00+02:00,codex.r014.id-ID,,language,pass,"[""ttp.r014.artifact.target-source""]","{""path"":""qa/SECTION_DADA_STRUCTURE.json""}",bounded evidence replay,2026-08-21T13:08:00+02:00
r014.backend.record,1.0.0,ttp.r014.qa.section-dada-math,qa_event,active,ttp.r014.yaintt,ttp.r014.yaintt,,und,2026-08-21T13:53:00+02:00,codex.r014.id-ID,,mathematics,pass_with_documented_source_correction,"[""ttp.r014.artifact.target-source""]","{""path"":""qa/SECTION_DADA_STRUCTURE.json""}",bounded evidence replay,2026-08-21T13:08:00+02:00
r014.backend.record,1.0.0,ttp.r014.qa.section-dada-topology,qa_event,active,ttp.r014.yaintt,ttp.r014.yaintt,,und,2026-08-21T13:53:00+02:00,codex.r014.id-ID,,source_target_topology,pass,"[""ttp.r014.artifact.target-source""]","{""path"":""qa/SECTION_DADA_STRUCTURE.json""}",bounded evidence replay,2026-08-21T13:08:00+02:00
r014.backend.record,1.0.0,ttp.r014.qa.section-ea-language,qa_event,active,ttp.r014.yaintt,ttp.r014.yaintt,,und,2026-08-21T13:53:00+02:00,codex.r014.id-ID,,language,pass,"[""ttp.r014.artifact.target-source.boundary6""]","{""path"":""qa/SECTION_EA_STRUCTURE.json""}",bounded evidence replay,2026-08-21T16:53:15+02:00
r014.backend.record,1.0.0,ttp.r014.qa.section-ea-math,qa_event,active,ttp.r014.yaintt,ttp.r014.yaintt,,und,2026-08-21T13:53:00+02:00,codex.r014.id-ID,,mathematics,pass_with_documented_source_correction,"[""ttp.r014.artifact.target-source.boundary6""]","{""path"":""qa/SECTION_EA_STRUCTURE.json""}",bounded evidence replay,2026-08-21T16:53:15+02:00
r014.backend.record,1.0.0,ttp.r014.qa.section-ea-topology,qa_event,active,ttp.r014.yaintt,ttp.r014.yaintt,,und,2026-08-21T13:53:00+02:00,codex.r014.id-ID,,source_target_topology,pass,"[""ttp.r014.artifact.target-source.boundary6""]","{""path"":""qa/SECTION_EA_STRUCTURE.json""}",bounded evidence replay,2026-08-21T16:53:15+02:00
r014.backend.record,1.0.0,ttp.r014.qa.section-ephif-language,qa_event,active,ttp.r014.yaintt,ttp.r014.yaintt,,und,2026-08-21T13:53:00+02:00,codex.r014.id-ID,,language,pass,"[""ttp.r014.artifact.target-source.boundary11""]","{""path"":""qa/SECTION_EPHIF_STRUCTURE.json""}",bounded evidence replay,2026-08-21T17:50:42+02:00
r014.backend.record,1.0.0,ttp.r014.qa.section-ephif-math,qa_event,active,ttp.r014.yaintt,ttp.r014.yaintt,,und,2026-08-21T13:53:00+02:00,codex.r014.id-ID,,mathematics,pass_with_documented_source_correction,"[""ttp.r014.artifact.target-source.boundary11""]","{""path"":""qa/SECTION_EPHIF_STRUCTURE.json""}",bounded evidence replay,2026-08-21T17:50:42+02:00
r014.backend.record,1.0.0,ttp.r014.qa.section-ephif-topology,qa_event,active,ttp.r014.yaintt,ttp.r014.yaintt,,und,2026-08-21T13:53:00+02:00,codex.r014.id-ID,,source_target_topology,pass,"[""ttp.r014.artifact.target-source.boundary11""]","{""path"":""qa/SECTION_EPHIF_STRUCTURE.json""}",bounded evidence replay,2026-08-21T17:50:42+02:00
r014.backend.record,1.0.0,ttp.r014.qa.section-gcd-language,qa_event,active,ttp.r014.yaintt,ttp.r014.yaintt,,und,2026-08-21T13:53:00+02:00,codex.r014.id-ID,,language,pass,"[""ttp.r014.artifact.target-source.boundary5""]","{""path"":""qa/SECTION_GCD_STRUCTURE.json""}",bounded evidence replay,2026-08-21T14:52:24+02:00
r014.backend.record,1.0.0,ttp.r014.qa.section-gcd-math,qa_event,active,ttp.r014.yaintt,ttp.r014.yaintt,,und,2026-08-21T13:53:00+02:00,codex.r014.id-ID,,mathematics,pass_with_documented_source_correction,"[""ttp.r014.artifact.target-source.boundary5""]","{""path"":""qa/SECTION_GCD_STRUCTURE.json""}",bounded evidence replay,2026-08-21T14:52:24+02:00
r014.backend.record,1.0.0,ttp.r014.qa.section-gcd-topology,qa_event,active,ttp.r014.yaintt,ttp.r014.yaintt,,und,2026-08-21T13:53:00+02:00,codex.r014.id-ID,,source_target_topology,pass,"[""ttp.r014.artifact.target-source.boundary5""]","{""path"":""qa/SECTION_GCD_STRUCTURE.json""}",bounded evidence replay,2026-08-21T14:52:24+02:00
r014.backend.record,1.0.0,ttp.r014.qa.section-itc-language,qa_event,active,ttp.r014.yaintt,ttp.r014.yaintt,,und,2026-08-21T13:53:00+02:00,codex.r014.id-ID,,language,pass,"[""ttp.r014.artifact.target-source.boundary7""]","{""path"":""qa/SECTION_ITC_STRUCTURE.json""}",bounded evidence replay,2026-08-21T17:12:10+02:00
r014.backend.record,1.0.0,ttp.r014.qa.section-itc-math,qa_event,active,ttp.r014.yaintt,ttp.r014.yaintt,,und,2026-08-21T13:53:00+02:00,codex.r014.id-ID,,mathematics,pass_with_documented_source_correction,"[""ttp.r014.artifact.target-source.boundary7""]","{""path"":""qa/SECTION_ITC_STRUCTURE.json""}",bounded evidence replay,2026-08-21T17:12:10+02:00
r014.backend.record,1.0.0,ttp.r014.qa.section-itc-topology,qa_event,active,ttp.r014.yaintt,ttp.r014.yaintt,,und,2026-08-21T13:53:00+02:00,codex.r014.id-ID,,source_target_topology,pass,"[""ttp.r014.artifact.target-source.boundary7""]","{""path"":""qa/SECTION_ITC_STRUCTURE.json""}",bounded evidence replay,2026-08-21T17:12:10+02:00
r014.backend.record,1.0.0,ttp.r014.qa.section-lc-language,qa_event,active,ttp.r014.yaintt,ttp.r014.yaintt,,und,2026-08-21T13:53:00+02:00,codex.r014.id-ID,,language,pass,"[""ttp.r014.artifact.target-source.boundary8""]","{""path"":""qa/SECTION_LC_STRUCTURE.json""}",bounded evidence replay,2026-08-21T17:24:55+02:00
r014.backend.record,1.0.0,ttp.r014.qa.section-lc-math,qa_event,active,ttp.r014.yaintt,ttp.r014.yaintt,,und,2026-08-21T13:53:00+02:00,codex.r014.id-ID,,mathematics,pass_with_documented_source_correction,"[""ttp.r014.artifact.target-source.boundary8""]","{""path"":""qa/SECTION_LC_STRUCTURE.json""}",bounded evidence replay,2026-08-21T17:24:55+02:00
r014.backend.record,1.0.0,ttp.r014.qa.section-lc-topology,qa_event,active,ttp.r014.yaintt,ttp.r014.yaintt,,und,2026-08-21T13:53:00+02:00,codex.r014.id-ID,,source_target_topology,pass,"[""ttp.r014.artifact.target-source.boundary8""]","{""path"":""qa/SECTION_LC_STRUCTURE.json""}",bounded evidence replay,2026-08-21T17:24:55+02:00
r014.backend.record,1.0.0,ttp.r014.qa.section-roiidb-language,qa_event,active,ttp.r014.yaintt,ttp.r014.yaintt,,und,2026-08-21T13:53:00+02:00,codex.r014.id-ID,,language,pass,"[""ttp.r014.artifact.target-source.boundary4""]","{""path"":""qa/SECTION_ROIIDB_STRUCTURE.json""}",bounded evidence replay,2026-08-21T14:16:54+02:00
r014.backend.record,1.0.0,ttp.r014.qa.section-roiidb-math,qa_event,active,ttp.r014.yaintt,ttp.r014.yaintt,,und,2026-08-21T13:53:00+02:00,codex.r014.id-ID,,mathematics,pass_with_documented_source_correction,"[""ttp.r014.artifact.target-source.boundary4""]","{""path"":""qa/SECTION_ROIIDB_STRUCTURE.json""}",bounded evidence replay,2026-08-21T14:16:54+02:00
r014.backend.record,1.0.0,ttp.r014.qa.section-roiidb-topology,qa_event,active,ttp.r014.yaintt,ttp.r014.yaintt,,und,2026-08-21T13:53:00+02:00,codex.r014.id-ID,,source_target_topology,pass,"[""ttp.r014.artifact.target-source.boundary4""]","{""path"":""qa/SECTION_ROIIDB_STRUCTURE.json""}",bounded evidence replay,2026-08-21T14:16:54+02:00
r014.backend.record,1.0.0,ttp.r014.qa.source-authority,qa_event,active,ttp.r014.yaintt,ttp.r014.yaintt,,und,2026-08-21T13:53:00+02:00,codex.r014.id-ID,,source_authority,pass,"[""ttp.r014.artifact.authority-manifest""]","{""path"":""authority/SOURCE_AUTHORITY.json""}",bounded evidence replay,2026-08-21T13:53:00+02:00
r014.backend.record,1.0.0,ttp.r014.qa.upstream-build,qa_event,active,ttp.r014.yaintt,ttp.r014.yaintt,,und,2026-08-21T13:53:00+02:00,codex.r014.id-ID,,upstream_build_baseline,pass_with_modern_compatibility_delta,"[""ttp.r014.artifact.upstream-replay-pdf""]","{""path"":""qa/UPSTREAM_BUILD_BASELINE.json""}",bounded evidence replay,2026-08-21T13:53:00+02:00
